{"acc/top1": 0.9987878787878788, "acc/mean1": 0.9981818181818182, "data_time": 0.02124497413635254, "time": 0.080702042724147}