{"acc/top1": 1.0, "acc/mean1": 1.0, "data_time": 0.025116887526078657, "time": 0.09037874886483857}