{"acc/top1": 1.0, "acc/mean1": 1.0, "data_time": 0.021288376721468837, "time": 0.08093818664550781}