{"acc/top1": 1.0, "acc/mean1": 1.0, "data_time": 0.025313768097848605, "time": 0.09359224781845556}